<?xml version="1.0" encoding="UTF-8"?>
<project-private xmlns="http://www.netbeans.org/ns/project-private/1">
    <editor-bookmarks xmlns="http://www.netbeans.org/ns/editor-bookmarks/2" lastBookmarkId="0"/>
    <open-files xmlns="http://www.netbeans.org/ns/projectui-open-files/2">
        <group>
            <file>file:/C:/Users/OCS/Documents/NetBeansProjects/pizzabill/src/pizzabill/DeluxPizza.java</file>
            <file>file:/C:/Users/OCS/Documents/NetBeansProjects/pizzabill/src/pizzabill/SideItems.java</file>
            <file>file:/C:/Users/OCS/Documents/NetBeansProjects/pizzabill/src/pizzabill/PizzaOperations.java</file>
            <file>file:/C:/Users/OCS/Documents/NetBeansProjects/pizzabill/src/pizzabill/Pizza.java</file>
            <file>file:/C:/Users/OCS/Documents/NetBeansProjects/pizzabill/src/pizzabill/KoreanPizza.java</file>
            <file>file:/C:/Users/OCS/Documents/NetBeansProjects/pizzabill/src/pizzabill/Discount.java</file>
            <file>file:/C:/Users/OCS/Documents/NetBeansProjects/pizzabill/src/pizzabill/FugazzaPizza.java</file>
            <file>file:/C:/Users/OCS/Documents/NetBeansProjects/pizzabill/src/pizzabill/PizzaCone.java</file>
            <file>file:/C:/Users/OCS/Documents/NetBeansProjects/pizzabill/src/pizzabill/Customer.java</file>
            <file>file:/C:/Users/OCS/Documents/NetBeansProjects/pizzabill/src/pizzabill/Pizzabill.java</file>
            <file>file:/C:/Users/OCS/Documents/NetBeansProjects/pizzabill/src/pizzabill/Beverage.java</file>
        </group>
    </open-files>
</project-private>
