[{"nom":"Crispetes petites","preuCompra":3.0,"preuVenta":4.0,"quantitat":8},{"nom":"Crispetes mitjanes","preuCompra":4.0,"preuVenta":6.0,"quantitat":6},{"nom":"Crispetes grans","preuCompra":6.0,"preuVenta":8.0,"quantitat":0},{"nom":"Batut de maduixa","preuCompra":1.0,"preuVenta":2.0,"quantitat":19},{"nom":"Batut de llimona","preuCompra":1.0,"preuVenta":2.0,"quantitat":7},{"nom":"Refresc","preuCompra":0.5,"preuVenta":1.5,"quantitat":55},{"nom":"Xocolatina","preuCompra":1.0,"preuVenta":2.0,"quantitat":2}]